[1,["23TB3OWmlFt4vEhrKt6MF1@6c48a","3aRyRBbyNJmqqrl5qv8WSd@6c48a","46Dh6SKOBKgKdcA19YxSSn@6c48a","69kkV2GPtLp5Y7e0JFhx3Y@6c48a","b2GnOZav9CF74Nb5zbLyGZ@6c48a","fcpvKdOk1CoZKGgXoUPAi1@6c48a"],["_textureSource"],["cc.SpriteFrame"],0,[[[{"name":"Sword+Aim+Throw-1","rect":{"x":7,"y":15,"width":31,"height":28},"offset":{"x":-12,"y":-7},"originalSize":{"width":69,"height":44},"rotated":false,"capInsets":[0,0,0,0],"vertices":{"rawPosition":[-15.5,-14,0,15.5,-14,0,-15.5,14,0,15.5,14,0],"indexes":[0,1,2,2,1,3],"uv":[7,29,38,29,7,1,38,1],"nuv":[0.10144927536231885,0.022727272727272728,0.5507246376811594,0.022727272727272728,0.10144927536231885,0.6590909090909091,0.5507246376811594,0.6590909090909091],"minPos":{"x":-15.5,"y":-14,"z":0},"maxPos":{"x":15.5,"y":14,"z":0}},"packable":true,"pixelsToUnit":100,"pivot":{"x":0.5,"y":0.5},"meshType":0}],[0],0,[0],[0],[0]],[[{"name":"Sword+Aim+Throw-2","rect":{"x":11,"y":6,"width":58,"height":37},"offset":{"x":5.5,"y":-2.5},"originalSize":{"width":69,"height":44},"rotated":false,"capInsets":[0,0,0,0],"vertices":{"rawPosition":[-29,-18.5,0,29,-18.5,0,-29,18.5,0,29,18.5,0],"indexes":[0,1,2,2,1,3],"uv":[11,38,69,38,11,1,69,1],"nuv":[0.15942028985507245,0.022727272727272728,1,0.022727272727272728,0.15942028985507245,0.8636363636363636,1,0.8636363636363636],"minPos":{"x":-29,"y":-18.5,"z":0},"maxPos":{"x":29,"y":18.5,"z":0}},"packable":true,"pixelsToUnit":100,"pivot":{"x":0.5,"y":0.5},"meshType":0}],[0],0,[0],[0],[1]],[[{"name":"Sword+Aim+Throw-0","rect":{"x":8,"y":15,"width":29,"height":28},"offset":{"x":-12,"y":-7},"originalSize":{"width":69,"height":44},"rotated":false,"capInsets":[0,0,0,0],"vertices":{"rawPosition":[-14.5,-14,0,14.5,-14,0,-14.5,14,0,14.5,14,0],"indexes":[0,1,2,2,1,3],"uv":[8,29,37,29,8,1,37,1],"nuv":[0.11594202898550725,0.022727272727272728,0.5362318840579711,0.022727272727272728,0.11594202898550725,0.6590909090909091,0.5362318840579711,0.6590909090909091],"minPos":{"x":-14.5,"y":-14,"z":0},"maxPos":{"x":14.5,"y":14,"z":0}},"packable":true,"pixelsToUnit":100,"pivot":{"x":0.5,"y":0.5},"meshType":0}],[0],0,[0],[0],[2]],[[{"name":"Sword+Aim+Throw-5","rect":{"x":16,"y":17,"width":43,"height":26},"offset":{"x":3,"y":-8},"originalSize":{"width":69,"height":44},"rotated":false,"capInsets":[0,0,0,0],"vertices":{"rawPosition":[-21.5,-13,0,21.5,-13,0,-21.5,13,0,21.5,13,0],"indexes":[0,1,2,2,1,3],"uv":[16,27,59,27,16,1,59,1],"nuv":[0.2318840579710145,0.022727272727272728,0.855072463768116,0.022727272727272728,0.2318840579710145,0.6136363636363636,0.855072463768116,0.6136363636363636],"minPos":{"x":-21.5,"y":-13,"z":0},"maxPos":{"x":21.5,"y":13,"z":0}},"packable":true,"pixelsToUnit":100,"pivot":{"x":0.5,"y":0.5},"meshType":0}],[0],0,[0],[0],[3]],[[{"name":"Sword+Aim+Throw-3","rect":{"x":15,"y":7,"width":54,"height":36},"offset":{"x":7.5,"y":-3},"originalSize":{"width":69,"height":44},"rotated":false,"capInsets":[0,0,0,0],"vertices":{"rawPosition":[-27,-18,0,27,-18,0,-27,18,0,27,18,0],"indexes":[0,1,2,2,1,3],"uv":[15,37,69,37,15,1,69,1],"nuv":[0.21739130434782608,0.022727272727272728,1,0.022727272727272728,0.21739130434782608,0.8409090909090909,1,0.8409090909090909],"minPos":{"x":-27,"y":-18,"z":0},"maxPos":{"x":27,"y":18,"z":0}},"packable":true,"pixelsToUnit":100,"pivot":{"x":0.5,"y":0.5},"meshType":0}],[0],0,[0],[0],[4]],[[{"name":"Sword+Aim+Throw-4","rect":{"x":16,"y":17,"width":43,"height":26},"offset":{"x":3,"y":-8},"originalSize":{"width":69,"height":44},"rotated":false,"capInsets":[0,0,0,0],"vertices":{"rawPosition":[-21.5,-13,0,21.5,-13,0,-21.5,13,0,21.5,13,0],"indexes":[0,1,2,2,1,3],"uv":[16,27,59,27,16,1,59,1],"nuv":[0.2318840579710145,0.022727272727272728,0.855072463768116,0.022727272727272728,0.2318840579710145,0.6136363636363636,0.855072463768116,0.6136363636363636],"minPos":{"x":-21.5,"y":-13,"z":0},"maxPos":{"x":21.5,"y":13,"z":0}},"packable":true,"pixelsToUnit":100,"pivot":{"x":0.5,"y":0.5},"meshType":0}],[0],0,[0],[0],[5]]]]
