[1,["0cjYIWc5dGxL/pK4/GCtf/@6c48a","10pVmxWCZAZpyhz2T4NrZ3@6c48a","6cg/UBrZFDJJnhhQYIIm6E@6c48a","89dspcoRxJrLM6720IHicg@6c48a","c99IgI70dNJrt5ebVKpall@6c48a","d3lyO4UWxGP7Ovl9Xx4LjT@6c48a","ebuOvoefdCwZSIxAmDQ5O/@6c48a"],["_textureSource"],["cc.SpriteFrame"],0,[[[{"name":"Sword+Aim+Throw-2","rect":{"x":11,"y":11,"width":28,"height":32},"offset":{"x":-9.5,"y":-5},"originalSize":{"width":69,"height":44},"rotated":false,"capInsets":[0,0,0,0],"vertices":{"rawPosition":[-14,-16,0,14,-16,0,-14,16,0,14,16,0],"indexes":[0,1,2,2,1,3],"uv":[11,33,39,33,11,1,39,1],"nuv":[0.15942028985507245,0.022727272727272728,0.5652173913043478,0.022727272727272728,0.15942028985507245,0.75,0.5652173913043478,0.75],"minPos":{"x":-14,"y":-16,"z":0},"maxPos":{"x":14,"y":16,"z":0}},"packable":true,"pixelsToUnit":100,"pivot":{"x":0.5,"y":0.5},"meshType":0}],[0],0,[0],[0],[0]],[[{"name":"Sword+Aim+Throw-1","rect":{"x":9,"y":6,"width":30,"height":37},"offset":{"x":-10.5,"y":-2.5},"originalSize":{"width":69,"height":44},"rotated":false,"capInsets":[0,0,0,0],"vertices":{"rawPosition":[-15,-18.5,0,15,-18.5,0,-15,18.5,0,15,18.5,0],"indexes":[0,1,2,2,1,3],"uv":[9,38,39,38,9,1,39,1],"nuv":[0.13043478260869565,0.022727272727272728,0.5652173913043478,0.022727272727272728,0.13043478260869565,0.8636363636363636,0.5652173913043478,0.8636363636363636],"minPos":{"x":-15,"y":-18.5,"z":0},"maxPos":{"x":15,"y":18.5,"z":0}},"packable":true,"pixelsToUnit":100,"pivot":{"x":0.5,"y":0.5},"meshType":0}],[0],0,[0],[0],[1]],[[{"name":"Sword+Aim+Throw-3","rect":{"x":13,"y":11,"width":29,"height":32},"offset":{"x":-7,"y":-5},"originalSize":{"width":69,"height":44},"rotated":false,"capInsets":[0,0,0,0],"vertices":{"rawPosition":[-14.5,-16,0,14.5,-16,0,-14.5,16,0,14.5,16,0],"indexes":[0,1,2,2,1,3],"uv":[13,33,42,33,13,1,42,1],"nuv":[0.18840579710144928,0.022727272727272728,0.6086956521739131,0.022727272727272728,0.18840579710144928,0.75,0.6086956521739131,0.75],"minPos":{"x":-14.5,"y":-16,"z":0},"maxPos":{"x":14.5,"y":16,"z":0}},"packable":true,"pixelsToUnit":100,"pivot":{"x":0.5,"y":0.5},"meshType":0}],[0],0,[0],[0],[2]],[[{"name":"Sword+Aim+Throw-5","rect":{"x":13,"y":3,"width":48,"height":40},"offset":{"x":2.5,"y":-1},"originalSize":{"width":69,"height":44},"rotated":false,"capInsets":[0,0,0,0],"vertices":{"rawPosition":[-24,-20,0,24,-20,0,-24,20,0,24,20,0],"indexes":[0,1,2,2,1,3],"uv":[13,41,61,41,13,1,61,1],"nuv":[0.18840579710144928,0.022727272727272728,0.8840579710144928,0.022727272727272728,0.18840579710144928,0.9318181818181818,0.8840579710144928,0.9318181818181818],"minPos":{"x":-24,"y":-20,"z":0},"maxPos":{"x":24,"y":20,"z":0}},"packable":true,"pixelsToUnit":100,"pivot":{"x":0.5,"y":0.5},"meshType":0}],[0],0,[0],[0],[3]],[[{"name":"Sword+Aim+Throw-4","rect":{"x":15,"y":11,"width":27,"height":32},"offset":{"x":-6,"y":-5},"originalSize":{"width":69,"height":44},"rotated":false,"capInsets":[0,0,0,0],"vertices":{"rawPosition":[-13.5,-16,0,13.5,-16,0,-13.5,16,0,13.5,16,0],"indexes":[0,1,2,2,1,3],"uv":[15,33,42,33,15,1,42,1],"nuv":[0.21739130434782608,0.022727272727272728,0.6086956521739131,0.022727272727272728,0.21739130434782608,0.75,0.6086956521739131,0.75],"minPos":{"x":-13.5,"y":-16,"z":0},"maxPos":{"x":13.5,"y":16,"z":0}},"packable":true,"pixelsToUnit":100,"pivot":{"x":0.5,"y":0.5},"meshType":0}],[0],0,[0],[0],[4]],[[{"name":"Sword+Aim+Throw-0","rect":{"x":12,"y":1,"width":27,"height":42},"offset":{"x":-9,"y":0},"originalSize":{"width":69,"height":44},"rotated":false,"capInsets":[0,0,0,0],"vertices":{"rawPosition":[-13.5,-21,0,13.5,-21,0,-13.5,21,0,13.5,21,0],"indexes":[0,1,2,2,1,3],"uv":[12,43,39,43,12,1,39,1],"nuv":[0.17391304347826086,0.022727272727272728,0.5652173913043478,0.022727272727272728,0.17391304347826086,0.9772727272727273,0.5652173913043478,0.9772727272727273],"minPos":{"x":-13.5,"y":-21,"z":0},"maxPos":{"x":13.5,"y":21,"z":0}},"packable":true,"pixelsToUnit":100,"pivot":{"x":0.5,"y":0.5},"meshType":0}],[0],0,[0],[0],[5]],[[{"name":"Sword+Aim+Throw-6","rect":{"x":14,"y":4,"width":50,"height":39},"offset":{"x":4.5,"y":-1.5},"originalSize":{"width":69,"height":44},"rotated":false,"capInsets":[0,0,0,0],"vertices":{"rawPosition":[-25,-19.5,0,25,-19.5,0,-25,19.5,0,25,19.5,0],"indexes":[0,1,2,2,1,3],"uv":[14,40,64,40,14,1,64,1],"nuv":[0.2028985507246377,0.022727272727272728,0.927536231884058,0.022727272727272728,0.2028985507246377,0.9090909090909091,0.927536231884058,0.9090909090909091],"minPos":{"x":-25,"y":-19.5,"z":0},"maxPos":{"x":25,"y":19.5,"z":0}},"packable":true,"pixelsToUnit":100,"pivot":{"x":0.5,"y":0.5},"meshType":0}],[0],0,[0],[0],[6]]]]
