[1,["24Fu5tk8hDCIe7lHbKofFs@6c48a","84/FuwiplPpq+L9cg7PKAj@6c48a","995Lf4T0RENZpfIsH/uWfF@6c48a","c8j1nKUeNNKaQpkE2Thufz@6c48a","f4Csq4KH9P1IXy+vx2rD1R@6c48a"],["_textureSource"],["cc.SpriteFrame"],0,[[[{"name":"Sword+Aim+Throw-0","rect":{"x":18,"y":10,"width":18,"height":33},"offset":{"x":-7.5,"y":-4.5},"originalSize":{"width":69,"height":44},"rotated":false,"capInsets":[0,0,0,0],"vertices":{"rawPosition":[-9,-16.5,0,9,-16.5,0,-9,16.5,0,9,16.5,0],"indexes":[0,1,2,2,1,3],"uv":[18,34,36,34,18,1,36,1],"nuv":[0.2608695652173913,0.022727272727272728,0.5217391304347826,0.022727272727272728,0.2608695652173913,0.7727272727272727,0.5217391304347826,0.7727272727272727],"minPos":{"x":-9,"y":-16.5,"z":0},"maxPos":{"x":9,"y":16.5,"z":0}},"packable":true,"pixelsToUnit":100,"pivot":{"x":0.5,"y":0.5},"meshType":0}],[0],0,[0],[0],[0]],[[{"name":"Sword+Aim+Throw-4","rect":{"x":18,"y":12,"width":18,"height":31},"offset":{"x":-7.5,"y":-5.5},"originalSize":{"width":69,"height":44},"rotated":false,"capInsets":[0,0,0,0],"vertices":{"rawPosition":[-9,-15.5,0,9,-15.5,0,-9,15.5,0,9,15.5,0],"indexes":[0,1,2,2,1,3],"uv":[18,32,36,32,18,1,36,1],"nuv":[0.2608695652173913,0.022727272727272728,0.5217391304347826,0.022727272727272728,0.2608695652173913,0.7272727272727273,0.5217391304347826,0.7272727272727273],"minPos":{"x":-9,"y":-15.5,"z":0},"maxPos":{"x":9,"y":15.5,"z":0}},"packable":true,"pixelsToUnit":100,"pivot":{"x":0.5,"y":0.5},"meshType":0}],[0],0,[0],[0],[1]],[[{"name":"Sword+Aim+Throw-3","rect":{"x":17,"y":12,"width":20,"height":31},"offset":{"x":-7.5,"y":-5.5},"originalSize":{"width":69,"height":44},"rotated":false,"capInsets":[0,0,0,0],"vertices":{"rawPosition":[-10,-15.5,0,10,-15.5,0,-10,15.5,0,10,15.5,0],"indexes":[0,1,2,2,1,3],"uv":[17,32,37,32,17,1,37,1],"nuv":[0.2463768115942029,0.022727272727272728,0.5362318840579711,0.022727272727272728,0.2463768115942029,0.7272727272727273,0.5362318840579711,0.7272727272727273],"minPos":{"x":-10,"y":-15.5,"z":0},"maxPos":{"x":10,"y":15.5,"z":0}},"packable":true,"pixelsToUnit":100,"pivot":{"x":0.5,"y":0.5},"meshType":0}],[0],0,[0],[0],[2]],[[{"name":"Sword+Aim+Throw-1","rect":{"x":18,"y":10,"width":18,"height":33},"offset":{"x":-7.5,"y":-4.5},"originalSize":{"width":69,"height":44},"rotated":false,"capInsets":[0,0,0,0],"vertices":{"rawPosition":[-9,-16.5,0,9,-16.5,0,-9,16.5,0,9,16.5,0],"indexes":[0,1,2,2,1,3],"uv":[18,34,36,34,18,1,36,1],"nuv":[0.2608695652173913,0.022727272727272728,0.5217391304347826,0.022727272727272728,0.2608695652173913,0.7727272727272727,0.5217391304347826,0.7727272727272727],"minPos":{"x":-9,"y":-16.5,"z":0},"maxPos":{"x":9,"y":16.5,"z":0}},"packable":true,"pixelsToUnit":100,"pivot":{"x":0.5,"y":0.5},"meshType":0}],[0],0,[0],[0],[3]],[[{"name":"Sword+Aim+Throw-5","rect":{"x":18,"y":11,"width":18,"height":32},"offset":{"x":-7.5,"y":-5},"originalSize":{"width":69,"height":44},"rotated":false,"capInsets":[0,0,0,0],"vertices":{"rawPosition":[-9,-16,0,9,-16,0,-9,16,0,9,16,0],"indexes":[0,1,2,2,1,3],"uv":[18,33,36,33,18,1,36,1],"nuv":[0.2608695652173913,0.022727272727272728,0.5217391304347826,0.022727272727272728,0.2608695652173913,0.75,0.5217391304347826,0.75],"minPos":{"x":-9,"y":-16,"z":0},"maxPos":{"x":9,"y":16,"z":0}},"packable":true,"pixelsToUnit":100,"pivot":{"x":0.5,"y":0.5},"meshType":0}],[0],0,[0],[0],[4]]]]
