[1,["24xBnqY6hOoanQf8RpSJu8@f9941","24xBnqY6hOoanQf8RpSJu8@6c48a","e1e0UmV6JI06zJzwnzCqE4"],["node","_textureSource","root","data","_file","_spriteFrame","spriteFrame"],["cc.SpriteFrame",["cc.Prefab",["_name"],2],["cc.Node",["_name","_components","_prefab"],2,9,4],["cc.UITransform",["node","__prefab"],3,1,4],["cc.CompPrefabInfo",["fileId"],2],["cc.ParticleSystem2D",["_dstBlendFactor","duration","emissionRate","life","lifeVar","angle","angleVar","startSize","startSizeVar","endSize","startSpin","endSpin","endSpinVar","speed","speedVar","tangentialAccel","tangentialAccelVar","radialAccel","radialAccelVar","autoRemoveOnFinish","_custom","_totalParticles","node","__prefab","posVar","_startColor","_endColor","_file","_spriteFrame"],-19,1,4,5,5,5,6,6],["cc.PrefabInfo",["fileId","instance","targetOverrides","nestedPrefabInstanceRoots","root","asset"],-1,1,1],["cc.ParticleAsset",["_name","_native"],1]],[[4,0,2],[1,0,2],[2,0,1,2,2],[3,0,1,1],[5,0,1,2,3,4,5,6,7,8,9,10,11,12,13,14,15,16,17,18,19,20,21,22,23,24,25,26,27,28,23],[6,0,1,2,3,4,5,5],[7,0,1,3]],[[[{"name":"atom","rect":{"x":0,"y":0,"width":31,"height":31},"offset":{"x":0,"y":0},"originalSize":{"width":31,"height":31},"rotated":false,"capInsets":[0,0,0,0],"vertices":{"rawPosition":[-15.5,-15.5,0,15.5,-15.5,0,-15.5,15.5,0,15.5,15.5,0],"indexes":[0,1,2,2,1,3],"uv":[0,31,31,31,0,0,31,0],"nuv":[0,0,1,0,0,1,1,1],"minPos":{"x":-15.5,"y":-15.5,"z":0},"maxPos":{"x":15.5,"y":15.5,"z":0}},"packable":true,"pixelsToUnit":100,"pivot":{"x":0.5,"y":0.5},"meshType":0}],[0],0,[0],[1],[1]],[[[1,"ExplosionEffect"],[2,"ExplosionEffect",[[3,-2,[0,"a2JL4//IZD7rQhceHMhW1W"]],[4,1,0.2,999.999985098839,0.20000000298023224,0.2,360,360,3.369999885559082,50,30.31999969482422,-47.369998931884766,-47.369998931884766,-142.11000061035156,200,200,-92.11000061035156,65.79000091552734,-671.0499877929688,65.79000091552734,true,true,100,-3,[0,"e79lSASRlJzaUe7WtiiZNm"],[0,7,7],[4,2740373706],[4,3591610797],0,1]],[5,"c46/YsCPVOJYA4mWEpNYRx",null,null,null,-1,0]]],0,[0,2,1,0,0,1,0,0,1,0,3,1,3],[0,0],[4,5],[2,0]],[[[6,"atom_new",".plist"],-1],0,0,[0],[6],[0]]]]
