[1,["5dmnTHgn5MGbFJ0A6fdIEn","835yw24y5IwZoDo0pr3/OG@f9941","79hGKrza1A24eGiTQ2PLv9@f9941","1318kkucRFK6vpu66AzZUx@6c48a","22x5DXumdA6pNzl72/mWPz@6c48a","29Uotz/OtKjoAHX+IHFRpM@6c48a","5axluEYrlHsL115s0hoToU@6c48a","79hGKrza1A24eGiTQ2PLv9@6c48a","835yw24y5IwZoDo0pr3/OG@6c48a","c6vd5HdyZF6oVppza+Y44x@6c48a","cbbANPu8lGqqPAWgqs2y8J@6c48a","ee5c6zL09DbI6QSv9joNT7@6c48a","41l81cdx5DKZFPeEQb7aur@f9941","24Fu5tk8hDCIe7lHbKofFs@f9941","00wXjBkORO176lPZE+0FKM","70f9W51tpHi5/96ASZYRzo","61syN+G8tLY7dKv5yd4U2O","4fGIsXZONGda5XGbHqo/3w","9bznah8RJFEJKangSK0lTA","4cMX12IZdD05kWLbw//up2","ffVz5mtBdNqIfvQpm0Sr5v","41g1FdXL1GdqNvgv/hdKpB","61Z6+9rNBKE6FdA9zS/qWz","1fDa8rraxCM4AwoQlxL59z@f9941","1318kkucRFK6vpu66AzZUx@f9941","29Uotz/OtKjoAHX+IHFRpM@f9941","7dj5uJT9FMn6OrOOx83tfK@f9941"],["node","_spriteFrame","_textureSource","_parent","_defaultClip","_cameraComponent","hitBoxColiider","rb","anim","hurtBox","hitBox","lab","scene","ghost"],["cc.SpriteFrame",["cc.Node",["_name","_layer","_id","_components","_parent","_children","_lpos"],0,9,1,2,5],["cc.Node",["_name","_layer","_active","_parent","_components","_lpos","_children","_lscale"],0,1,12,5,2,5],["cc.Sprite",["_sizeMode","_isTrimmedMode","_type","_fillType","_fillStart","node","_spriteFrame","_fillCenter"],-2,1,6,5],["cc.BoxCollider2D",["_group","_enabled","_sensor","node","_size","_offset"],0,1,5,5],["cc.Animation",["playOnLoad","node","_clips","_defaultClip"],2,1,3,6],["cc.RigidBody2D",["_group","enabledContactListener","_gravityScale","_fixedRotation","_type","node"],-2,1],["cc.Label",["_actualFontSize","_overflow","_fontSize","_string","node"],-1,1],["cc.UITransform",["node","_contentSize"],3,1,5],["cc.SceneAsset",["_name"],2],["cc.Node",["_name","_parent","_components","_lpos"],2,1,2,5],["cc.Canvas",["node","_cameraComponent"],3,1,1],["cc.Widget",["_alignFlags","_top","_bottom","node"],0,1],["cc.CircleCollider2D",["_group","_sensor","_radius","node","_offset"],0,1,5],["036c3b24/5FS4YcuoJ8LiIi",["moveSpeed","jumpSpeed","node","anim","rb","hitBoxColiider","ghost"],1,1,1,1,1,6],["cdd5dvFiexIHJSzoFxHbQfJ",["node"],3,1],["cc.Button",["node"],3,1],["e5974kWOExGZICVCHIDAAXZ",["node","hurtBox"],3,1,1],["a8ed4RY4ZJNXIKefxx/YxWc",["node","hitBox"],3,1,1],["ce5ccX1yYJDd4QAOJWSBZyI",["node"],3,1],["cc.Scene",["_name","_children","_globals"],2,2,4],["cc.SceneGlobals",["ambient","shadows","_skybox","fog","octree","skin","lightProbeInfo","postSettings"],3,4,4,4,4,4,4,4,4],["cc.AmbientInfo",["_skyColorHDR","_groundAlbedoHDR"],3,5,5],["cc.ShadowsInfo",["_shadowColor","_size"],3,5,5],["cc.SkyboxInfo",[],3],["cc.FogInfo",[],3],["cc.OctreeInfo",[],3],["cc.SkinInfo",["_enabled"],2],["cc.LightProbeInfo",[],3],["cc.PostSettingsInfo",[],3],["c351eZPio1Lnpg/vH/KKKMO",["node","lab"],3,1,1],["cc.Camera",["_projection","_orthoHeight","_near","_visibility","node","_color"],-1,1,5],["3f419bCXx1A2rgMhvZ2T2Hh",["node","crashButton"],3,1,1]],[[8,0,1,1],[3,0,5,6,2],[1,0,1,4,3,6,3],[1,0,1,4,3,3],[1,0,1,4,5,3,3],[8,0,1],[1,0,1,5,3,3],[1,0,1,2,4,3,4],[2,0,1,3,6,4,5,3],[4,0,3,5,4,2],[6,1,0,2,3,5,5],[9,0,2],[1,0,1,2,5,3,6,4],[1,0,1,4,5,3,6,3],[2,0,1,3,6,4,5,7,3],[2,0,1,3,4,5,3],[2,0,2,1,3,4,5,4],[10,0,1,2,3,2],[11,0,1,1],[12,0,1,2,3,4],[4,0,3,4,2],[4,1,0,2,3,4,4],[13,0,1,2,3,4,4],[14,0,1,2,3,4,5,6,3],[15,0,1],[3,5,6,1],[3,0,1,5,6,3],[3,2,3,4,5,7,6,4],[16,0,1],[5,1,2,3,1],[5,0,1,2,3,2],[5,0,1,2,2],[6,1,0,4,2,3,5,6],[6,0,4,5,3],[17,0,1,1],[18,0,1,1],[19,0,1],[20,0,1,2,2],[21,0,1,2,3,4,5,6,7,1],[22,0,1,1],[23,0,1,1],[24,1],[25,1],[26,1],[27,0,2],[28,1],[29,1],[7,3,0,2,1,4,5],[7,0,1,4,3],[7,0,2,1,4,4],[30,0,1,1],[31,0,1,2,3,4,5,5],[32,0,1,1]],[[[{"name":"mask","rect":{"x":3,"y":3,"width":75,"height":75},"offset":{"x":-0.5,"y":0.5},"originalSize":{"width":82,"height":82},"rotated":false,"capInsets":[0,0,0,0],"vertices":{"rawPosition":[-37.5,-37.5,0,37.5,-37.5,0,-37.5,37.5,0,37.5,37.5,0],"indexes":[0,1,2,2,1,3],"uv":[3,79,78,79,3,4,78,4],"nuv":[0.036585365853658534,0.04878048780487805,0.9512195121951219,0.04878048780487805,0.036585365853658534,0.9634146341463414,0.9512195121951219,0.9634146341463414],"minPos":{"x":-37.5,"y":-37.5,"z":0},"maxPos":{"x":37.5,"y":37.5,"z":0}},"packable":true,"pixelsToUnit":100,"pivot":{"x":0.5,"y":0.5},"meshType":0}],[0],0,[0],[2],[3]],[[{"name":"Sword+Aim+Throw-4","rect":{"x":2,"y":3,"width":48,"height":40},"offset":{"x":-8.5,"y":-1},"originalSize":{"width":69,"height":44},"rotated":false,"capInsets":[0,0,0,0],"vertices":{"rawPosition":[-24,-20,0,24,-20,0,-24,20,0,24,20,0],"indexes":[0,1,2,2,1,3],"uv":[2,41,50,41,2,1,50,1],"nuv":[0.028985507246376812,0.022727272727272728,0.7246376811594203,0.022727272727272728,0.028985507246376812,0.9318181818181818,0.7246376811594203,0.9318181818181818],"minPos":{"x":-24,"y":-20,"z":0},"maxPos":{"x":24,"y":20,"z":0}},"packable":true,"pixelsToUnit":100,"pivot":{"x":0.5,"y":0.5},"meshType":0}],[0],0,[0],[2],[4]],[[{"name":"bg","rect":{"x":1,"y":1,"width":82,"height":82},"offset":{"x":0,"y":0},"originalSize":{"width":84,"height":84},"rotated":false,"capInsets":[0,0,0,0],"vertices":{"rawPosition":[-41,-41,0,41,-41,0,-41,41,0,41,41,0],"indexes":[0,1,2,2,1,3],"uv":[1,83,83,83,1,1,83,1],"nuv":[0.011904761904761904,0.011904761904761904,0.9880952380952381,0.011904761904761904,0.011904761904761904,0.9880952380952381,0.9880952380952381,0.9880952380952381],"minPos":{"x":-41,"y":-41,"z":0},"maxPos":{"x":41,"y":41,"z":0}},"packable":true,"pixelsToUnit":100,"pivot":{"x":0.5,"y":0.5},"meshType":0}],[0],0,[0],[2],[5]],[[{"name":"Sword+Aim+Throw-3","rect":{"x":0,"y":1,"width":51,"height":42},"offset":{"x":-9,"y":0},"originalSize":{"width":69,"height":44},"rotated":false,"capInsets":[0,0,0,0],"vertices":{"rawPosition":[-25.5,-21,0,25.5,-21,0,-25.5,21,0,25.5,21,0],"indexes":[0,1,2,2,1,3],"uv":[0,43,51,43,0,1,51,1],"nuv":[0,0.022727272727272728,0.7391304347826086,0.022727272727272728,0,0.9772727272727273,0.7391304347826086,0.9772727272727273],"minPos":{"x":-25.5,"y":-21,"z":0},"maxPos":{"x":25.5,"y":21,"z":0}},"packable":true,"pixelsToUnit":100,"pivot":{"x":0.5,"y":0.5},"meshType":0}],[0],0,[0],[2],[6]],[[{"name":"layer_2","rect":{"x":0,"y":0,"width":320,"height":131},"offset":{"x":0,"y":0},"originalSize":{"width":320,"height":131},"rotated":false,"capInsets":[0,0,0,0],"vertices":{"rawPosition":[-160,-65.5,0,160,-65.5,0,-160,65.5,0,160,65.5,0],"indexes":[0,1,2,2,1,3],"uv":[0,131,320,131,0,0,320,0],"nuv":[0,0,1,0,0,1,1,1],"minPos":{"x":-160,"y":-65.5,"z":0},"maxPos":{"x":160,"y":65.5,"z":0}},"packable":true,"pixelsToUnit":100,"pivot":{"x":0.5,"y":0.5},"meshType":0}],[0],0,[0],[2],[7]],[[{"name":"layer_1","rect":{"x":0,"y":0,"width":320,"height":180},"offset":{"x":0,"y":0},"originalSize":{"width":320,"height":180},"rotated":false,"capInsets":[0,0,0,0],"vertices":{"rawPosition":[-160,-90,0,160,-90,0,-160,90,0,160,90,0],"indexes":[0,1,2,2,1,3],"uv":[0,180,320,180,0,0,320,0],"nuv":[0,0,1,0,0,1,1,1],"minPos":{"x":-160,"y":-90,"z":0},"maxPos":{"x":160,"y":90,"z":0}},"packable":true,"pixelsToUnit":100,"pivot":{"x":0.5,"y":0.5},"meshType":0}],[0],0,[0],[2],[8]],[[{"name":"Sword+Aim+Throw-0","rect":{"x":6,"y":11,"width":57,"height":32},"offset":{"x":0,"y":-5},"originalSize":{"width":69,"height":44},"rotated":false,"capInsets":[0,0,0,0],"vertices":{"rawPosition":[-28.5,-16,0,28.5,-16,0,-28.5,16,0,28.5,16,0],"indexes":[0,1,2,2,1,3],"uv":[6,33,63,33,6,1,63,1],"nuv":[0.08695652173913043,0.022727272727272728,0.9130434782608695,0.022727272727272728,0.08695652173913043,0.75,0.9130434782608695,0.75],"minPos":{"x":-28.5,"y":-16,"z":0},"maxPos":{"x":28.5,"y":16,"z":0}},"packable":true,"pixelsToUnit":100,"pivot":{"x":0.5,"y":0.5},"meshType":0}],[0],0,[0],[2],[9]],[[{"name":"Sword+Aim+Throw-1","rect":{"x":0,"y":14,"width":45,"height":29},"offset":{"x":-12,"y":-6.5},"originalSize":{"width":69,"height":44},"rotated":false,"capInsets":[0,0,0,0],"vertices":{"rawPosition":[-22.5,-14.5,0,22.5,-14.5,0,-22.5,14.5,0,22.5,14.5,0],"indexes":[0,1,2,2,1,3],"uv":[0,30,45,30,0,1,45,1],"nuv":[0,0.022727272727272728,0.6521739130434783,0.022727272727272728,0,0.6818181818181818,0.6521739130434783,0.6818181818181818],"minPos":{"x":-22.5,"y":-14.5,"z":0},"maxPos":{"x":22.5,"y":14.5,"z":0}},"packable":true,"pixelsToUnit":100,"pivot":{"x":0.5,"y":0.5},"meshType":0}],[0],0,[0],[2],[10]],[[{"name":"Sword+Aim+Throw-2","rect":{"x":0,"y":1,"width":55,"height":42},"offset":{"x":-7,"y":0},"originalSize":{"width":69,"height":44},"rotated":false,"capInsets":[0,0,0,0],"vertices":{"rawPosition":[-27.5,-21,0,27.5,-21,0,-27.5,21,0,27.5,21,0],"indexes":[0,1,2,2,1,3],"uv":[0,43,55,43,0,1,55,1],"nuv":[0,0.022727272727272728,0.7971014492753623,0.022727272727272728,0,0.9772727272727273,0.7971014492753623,0.9772727272727273],"minPos":{"x":-27.5,"y":-21,"z":0},"maxPos":{"x":27.5,"y":21,"z":0}},"packable":true,"pixelsToUnit":100,"pivot":{"x":0.5,"y":0.5},"meshType":0}],[0],0,[0],[2],[11]],[[[11,"Game"],[12,"Canvas",33554432,"beI88Z2HpFELqR4T5EMHpg",[-5,-6,-7,-8,-9,-10,-11],[[0,-1,[5,1280,720]],[18,-3,-2],[19,45,5.684341886080802e-14,5.684341886080802e-14,-4]],[1,640,360.00000000000006,0]],[8,"Player",33554432,1,[-21],[[[0,-12,[5,0,0]],-13,[9,2,-14,[0,0,49.6],[5,50,97.7]],[22,2,true,5,-15,[0,0,-2.5]],[23,350,22,-19,-18,-17,-16,18],[24,-20]],4,1,4,4,4,4],[1,-408.604,-173.673,0]],[6,"Skill",33554432,[-25,-26,-27],[[0,-22,[5,82,82]],[25,-23,21],[28,-24]]],[14,"Enemy",33554432,1,[-34],[[[0,-28,[5,0,0]],[29,-29,[7],8],[10,true,8,5.2,true,-30],-31,[34,-33,-32]],4,4,4,1,4],[1,-35.335,-151.791,0],[1,-1,1,1]],[8,"Sprite",33554432,2,[-40],[[[0,-35,[5,207,132]],[26,0,false,-36,9],-37,[35,-39,-38]],4,4,1,4],[1,22.44,62.845,0]],[15,"HitBox",33554432,5,[[[0,-41,[5,0,0]],-42,[32,true,16,3,0,true,-43],[36,-44]],4,1,4,4],[1,60,-8,0]],[13,"Ground",33554432,1,[3],[[0,-45,[5,1400,100]],[1,0,-46,22],[20,4,-47,[5,1400,100]],[33,4,0,-48]],[1,-14.691,-255.399,0]],[6,"B1",33554432,[-50,-51,-52],[[5,-49]]],[37,"Game",[-53,-54,1],[38,[39,[2,0,0,0,0.520833125],[2,0,0,0,0]],[40,[4,4283190348],[0,512,512]],[41],[42],[43],[44,false],[45],[46]]],[4,"Debug",33554432,1,[-56,-57],[[5,-55]]],[4,"B2",33554432,8,[-59,-60],[[5,-58]]],[2,"Sprite",33554432,4,[[0,-61,[5,90.95400000000001,102.32325]],[1,0,-62,4],[30,true,-63,[5],6]],[1,0,27.59,0]],[16,"Vel",false,33554432,10,[[[0,-64,[5,120,50.4]],-65],4,1],[1,92.984,328.978,0]],[4,"Background",33554432,1,[8],[[0,-66,[5,0,0]]]],[2,"layer_1",33554432,8,[[0,-67,[5,1665.3470000000002,936.7576875000001]],[1,0,-68,0]],[1,-118.10799999999995,51.94799999999992,0]],[2,"layer_2",33554432,8,[[0,-69,[5,1665.3470000000002,936.7576875000001]],[1,0,-70,1]],[1,1546.707,51.948,0]],[2,"layer_2",33554432,11,[[0,-71,[5,1567.5529999999999,641.717009375]],[1,0,-72,2]],[1,-166.68,-110.215,0]],[2,"layer_3",33554432,11,[[0,-73,[5,1567.5529999999999,641.717009375]],[1,0,-74,3]],[1,1406.32,-108.202,0]],[3,"Crash",33554432,3,[[0,-75,[5,50,50]],[1,0,-76,19]]],[3,"mask",33554432,3,[[0,-77,[5,75,75]],[27,3,2,0.25,-78,[0,0.5,0.5],20]]],[3,"Label",33554432,3,[[0,-79,[5,60,50.4]],[47,"",20,20,1,-80]]],[2,"Label",33554432,10,[[0,-81,[5,120,50.4]],[48,40,1,-82]],[1,-42.527,328.978,0]],[7,"GameManager",33554432,"ddeWA+m8VC/J5gaS3BbpSs",9,[[50,-84,-83]]],[49,16,16,1,13],[17,"Camera",1,[-85],[1,0,0,1000]],[51,0,360,0,1108344832,25,[4,4278190080]],[9,8,4,[0,-3.7,21.1],[5,57.4,90.3]],[21,false,16,true,6,[5,100,100]],[31,true,5,[10,11,12,13,14,15,16,17]],[10,true,2,5.2,true,2],[3,"Midground",33554432,1,[[0,-86,[5,0,0]]]],[7,"SkillManager",33554432,"96urq9C95GFIkqGSFnf8x5",9,[[52,-87,3]]]],0,[0,0,1,0,5,26,0,0,1,0,0,1,0,-1,25,0,-2,14,0,-3,4,0,-4,2,0,-5,31,0,-6,7,0,-7,10,0,0,2,0,-2,30,0,0,2,0,0,2,0,6,28,0,7,30,0,8,29,0,0,2,0,0,2,0,-1,5,0,0,3,0,0,3,0,0,3,0,-1,19,0,-2,20,0,-3,21,0,0,4,0,0,4,0,0,4,0,-4,27,0,9,27,0,0,4,0,-1,12,0,0,5,0,0,5,0,-3,29,0,10,6,0,0,5,0,-1,6,0,0,6,0,-2,28,0,0,6,0,0,6,0,0,7,0,0,7,0,0,7,0,0,7,0,0,8,0,-1,15,0,-2,16,0,-3,11,0,-1,23,0,-2,32,0,0,10,0,-1,22,0,-2,13,0,0,11,0,-1,17,0,-2,18,0,0,12,0,0,12,0,0,12,0,0,13,0,-2,24,0,0,14,0,0,15,0,0,15,0,0,16,0,0,16,0,0,17,0,0,17,0,0,18,0,0,18,0,0,19,0,0,19,0,0,20,0,0,20,0,0,21,0,0,21,0,0,22,0,0,22,0,11,24,0,0,23,0,-1,26,0,0,31,0,0,32,0,12,9,1,3,9,3,3,7,8,3,14,87],[0,0,0,0,0,0,0,0,0,0,0,0,0,0,0,0,0,0,0,0,0,0,0],[1,1,1,1,1,-1,4,-1,4,1,-1,-2,-3,-4,-5,-6,-7,-8,13,1,1,1,1],[1,1,2,2,12,0,0,0,0,13,14,15,16,17,18,19,20,21,22,23,24,25,26]]]]
