[1,["36gnZ9YW9KsJJ0KrRY3xkz@6c48a","41IAmwljFNGp+Jr2W888qG@6c48a","8dwQvGNZlJKIX3JC/4SeYw@6c48a"],["_textureSource"],["cc.SpriteFrame"],0,[[[{"name":"Sword+Aim+Throw-0","rect":{"x":18,"y":8,"width":21,"height":32},"offset":{"x":-6,"y":-2},"originalSize":{"width":69,"height":44},"rotated":false,"capInsets":[0,0,0,0],"vertices":{"rawPosition":[-10.5,-16,0,10.5,-16,0,-10.5,16,0,10.5,16,0],"indexes":[0,1,2,2,1,3],"uv":[18,36,39,36,18,4,39,4],"nuv":[0.2608695652173913,0.09090909090909091,0.5652173913043478,0.09090909090909091,0.2608695652173913,0.8181818181818182,0.5652173913043478,0.8181818181818182],"minPos":{"x":-10.5,"y":-16,"z":0},"maxPos":{"x":10.5,"y":16,"z":0}},"packable":true,"pixelsToUnit":100,"pivot":{"x":0.5,"y":0.5},"meshType":0}],[0],0,[0],[0],[0]],[[{"name":"Sword+Aim+Throw-2","rect":{"x":18,"y":9,"width":21,"height":34},"offset":{"x":-6,"y":-4},"originalSize":{"width":69,"height":44},"rotated":false,"capInsets":[0,0,0,0],"vertices":{"rawPosition":[-10.5,-17,0,10.5,-17,0,-10.5,17,0,10.5,17,0],"indexes":[0,1,2,2,1,3],"uv":[18,35,39,35,18,1,39,1],"nuv":[0.2608695652173913,0.022727272727272728,0.5652173913043478,0.022727272727272728,0.2608695652173913,0.7954545454545454,0.5652173913043478,0.7954545454545454],"minPos":{"x":-10.5,"y":-17,"z":0},"maxPos":{"x":10.5,"y":17,"z":0}},"packable":true,"pixelsToUnit":100,"pivot":{"x":0.5,"y":0.5},"meshType":0}],[0],0,[0],[0],[1]],[[{"name":"Sword+Aim+Throw-1","rect":{"x":18,"y":9,"width":21,"height":34},"offset":{"x":-6,"y":-4},"originalSize":{"width":69,"height":44},"rotated":false,"capInsets":[0,0,0,0],"vertices":{"rawPosition":[-10.5,-17,0,10.5,-17,0,-10.5,17,0,10.5,17,0],"indexes":[0,1,2,2,1,3],"uv":[18,35,39,35,18,1,39,1],"nuv":[0.2608695652173913,0.022727272727272728,0.5652173913043478,0.022727272727272728,0.2608695652173913,0.7954545454545454,0.5652173913043478,0.7954545454545454],"minPos":{"x":-10.5,"y":-17,"z":0},"maxPos":{"x":10.5,"y":17,"z":0}},"packable":true,"pixelsToUnit":100,"pivot":{"x":0.5,"y":0.5},"meshType":0}],[0],0,[0],[0],[2]]]]
