[1,["1fDa8rraxCM4AwoQlxL59z@6c48a","1fDa8rraxCM4AwoQlxL59z@f9941"],["node","_textureSource","root","data","_spriteFrame"],[["cc.Node",["_name","_components","_prefab","_children","_parent","_lpos","_lscale"],2,9,4,2,1,5,5],"cc.SpriteFrame",["cc.Prefab",["_name"],2],["cc.UITransform",["node","__prefab","_contentSize"],3,1,4,5],["cc.CompPrefabInfo",["fileId"],2],["95231LaFmNGbaUjL5OVm+9R",["DestroyTimer","node","__prefab"],2,1,4],["cc.PrefabInfo",["fileId","instance","targetOverrides","nestedPrefabInstanceRoots","root","asset"],-1,1,1],["cc.Sprite",["node","__prefab","_color","_spriteFrame"],3,1,4,5,6]],[[4,0,2],[3,0,1,2,1],[6,0,1,2,3,4,5,5],[2,0,2],[0,0,3,1,2,2],[0,0,4,1,2,5,6,2],[5,0,1,2,2],[7,0,1,2,3,1]],[[[{"name":"Sword+Aim+Throw-4","rect":{"x":12,"y":15,"width":29,"height":28},"offset":{"x":-8,"y":-7},"originalSize":{"width":69,"height":44},"rotated":false,"capInsets":[0,0,0,0],"vertices":{"rawPosition":[-14.5,-14,0,14.5,-14,0,-14.5,14,0,14.5,14,0],"indexes":[0,1,2,2,1,3],"uv":[12,29,41,29,12,1,41,1],"nuv":[0.17391304347826086,0.022727272727272728,0.5942028985507246,0.022727272727272728,0.17391304347826086,0.6590909090909091,0.5942028985507246,0.6590909090909091],"minPos":{"x":-14.5,"y":-14,"z":0},"maxPos":{"x":14.5,"y":14,"z":0}},"packable":true,"pixelsToUnit":100,"pivot":{"x":0.5,"y":0.5},"meshType":0}],[1],0,[0],[1],[0]],[[[3,"Ghost"],[4,"Ghost",[-4],[[1,-2,[0,"7aspZuqJZD1pQozzANc/IK"],[5,0,0]],[6,0.4,-3,[0,"d5oRV4jupB2JNjvaIktsoJ"]]],[2,"c46/YsCPVOJYA4mWEpNYRx",null,null,null,-1,0]],[5,"Sprite",1,[[1,-5,[0,"76JsIvDGBPPYLPt/q/xEL5"],[5,29,28]],[7,-6,[0,"4ewHxgbn9PIYo7aNXDHVFU"],[4,2021161099],0]],[2,"d0WrhZQc5DVby/KYm5LWv5",null,null,null,1,0],[1,0,48.75,0],[1,3,3,1]]],0,[0,2,1,0,0,1,0,0,1,0,-1,2,0,0,2,0,0,2,0,3,1,6],[0],[4],[1]]]]
