[1,0,0,[["cc.JsonAsset",["_name","json"],1]],[[0,0,1,3]],[[0,"levels",[{"levelIndex":1,"steps":20,"gridName":"正方形","complete":false,"starCount":-1,"score":0,"star3score":10000,"goal":{"type":1,"value":[{"cellType":1,"counter":30},{"cellType":3,"counter":50}]},"types":[1,2,3,4],"grid":[[0,0,0,0,0,0,0,0,0,0],[0,0,0,0,0,0,0,0,0,0],[0,0,1,1,1,1,1,1,0,0],[0,0,1,1,1,1,1,1,0,0],[0,0,1,1,1,1,1,1,0,0],[0,0,1,1,1,1,1,1,0,0],[0,0,1,1,1,1,1,1,0,0],[0,0,1,1,1,1,1,1,0,0],[0,0,0,0,0,0,0,0,0,0],[0,0,0,0,0,0,0,0,0,0]]},{"levelIndex":2,"steps":20,"gridName":"爱心","complete":false,"starCount":-1,"score":0,"star3score":10000,"goal":{"type":1,"value":[{"cellType":1,"counter":30},{"cellType":2,"counter":40}]},"types":[1,2,3,4],"grid":[[0,0,1,1,0,0,0,0,0,0],[0,1,1,1,1,1,0,0,0,0],[1,1,1,1,1,1,1,1,0,0],[0,1,1,1,1,1,1,1,1,0],[0,0,1,1,1,1,1,1,1,1],[0,0,1,1,1,1,1,1,1,1],[0,1,1,1,1,1,1,1,1,0],[1,1,1,1,1,1,1,1,0,0],[0,1,1,1,1,1,0,0,0,0],[0,0,1,1,0,0,0,0,0,0]]},{"levelIndex":3,"steps":20,"gridName":"菱形","complete":false,"starCount":-1,"score":0,"star3score":10000,"goal":{"type":1,"value":[{"cellType":4,"counter":60}]},"types":[1,2,3,4],"grid":[[0,0,0,0,0,1,0,0,0,0],[0,0,0,0,1,1,1,0,0,0],[0,0,0,1,1,1,1,1,0,0],[0,0,1,1,1,1,1,1,1,0],[0,1,1,1,1,1,1,1,1,1],[0,0,1,1,1,1,1,1,1,0],[0,0,0,1,1,1,1,1,0,0],[0,0,0,0,1,1,1,0,0,0],[0,0,0,0,0,1,0,0,0,0],[0,0,0,0,0,0,0,0,0,0]]},{"levelIndex":4,"steps":20,"gridName":"矩形","complete":false,"starCount":-1,"score":0,"star3score":10000,"goal":{"type":1,"value":[{"cellType":1,"counter":100}]},"types":[1,2,3,4],"grid":[[0,0,1,1,1,1,1,1,0,0],[0,0,1,1,1,1,1,1,0,0],[0,0,1,1,1,1,1,1,0,0],[0,0,1,1,1,1,1,1,0,0],[0,0,1,1,1,1,1,1,0,0],[0,0,1,1,1,1,1,1,0,0],[0,0,1,1,1,1,1,1,0,0],[0,0,1,1,1,1,1,1,0,0],[0,0,1,1,1,1,1,1,0,0],[0,0,1,1,1,1,1,1,0,0]]},{"levelIndex":5,"steps":20,"gridName":"月亮","complete":false,"starCount":-1,"score":0,"star3score":10000,"goal":{"type":1,"value":[{"cellType":1,"counter":30},{"cellType":2,"counter":40}]},"types":[1,2,3,4],"grid":[[0,0,0,0,0,0,0,0,0,0],[1,1,0,0,0,0,0,0,0,1],[1,1,1,0,0,0,0,0,1,1],[1,1,1,1,0,0,0,1,1,1],[1,1,1,1,1,0,1,1,1,1],[1,1,1,1,1,1,1,1,1,1],[0,1,1,1,1,1,1,1,1,0],[0,0,1,1,1,1,1,1,0,0],[0,0,0,1,1,1,1,0,0,0],[0,0,0,0,1,1,0,0,0,0]]},{"levelIndex":6,"steps":20,"gridName":"分形树图案","complete":false,"starCount":-1,"score":0,"star3score":10000,"goal":{"type":1,"value":[{"cellType":1,"counter":30},{"cellType":2,"counter":10},{"cellType":3,"counter":10}]},"types":[1,2,3,4],"grid":[[0,0,0,0,0,0,0,0,0,1],[0,0,0,0,0,1,0,0,1,1],[0,0,0,0,1,1,0,1,1,1],[0,1,0,1,1,1,0,1,1,1],[1,1,1,1,1,1,1,1,1,1],[1,1,1,1,1,1,1,1,1,1],[0,1,0,1,1,1,0,1,1,1],[0,0,0,0,1,1,0,1,1,1],[0,0,0,0,0,1,0,0,1,1],[0,0,0,0,0,0,0,0,0,1]]},{"levelIndex":7,"steps":20,"gridName":"圆","complete":false,"starCount":-1,"score":0,"star3score":10000,"goal":{"type":1,"value":[{"cellType":1,"counter":30},{"cellType":2,"counter":40}]},"types":[1,2,3,4],"grid":[[0,0,0,1,1,1,1,0,0,0],[0,0,1,1,1,1,1,1,0,0],[0,1,1,1,1,1,1,1,1,0],[1,1,1,1,1,1,1,1,1,1],[1,1,1,1,1,1,1,1,1,1],[1,1,1,1,1,1,1,1,1,1],[1,1,1,1,1,1,1,1,1,1],[0,1,1,1,1,1,1,1,1,0],[0,0,1,1,1,1,1,1,0,0],[0,0,0,1,1,1,1,0,0,0]]},{"levelIndex":8,"steps":20,"gridName":"开心","complete":false,"starCount":-1,"score":0,"star3score":10000,"goal":{"type":1,"value":[{"cellType":1,"counter":30},{"cellType":3,"counter":50}]},"types":[1,2,3,4],"grid":[[0,0,0,0,0,0,0,0,0,0],[0,1,1,0,0,1,1,0,0,0],[0,1,1,1,1,1,1,1,0,0],[0,1,1,1,1,1,0,1,1,1],[0,1,1,0,1,1,0,0,1,1],[0,1,1,0,1,1,0,0,1,1],[0,1,1,1,1,1,0,1,1,1],[0,1,1,1,1,1,1,1,0,0],[0,1,1,0,0,1,1,0,0,0],[0,0,0,0,0,0,0,0,0,0]]},{"levelIndex":9,"steps":20,"gridName":"凹","complete":false,"starCount":-1,"score":0,"star3score":10000,"goal":{"type":1,"value":[{"cellType":1,"counter":30},{"cellType":3,"counter":50}]},"types":[1,2,3,4],"grid":[[0,0,0,0,0,0,0,0,0,0],[0,1,1,1,1,1,1,1,0,0],[0,1,1,1,1,1,1,1,0,0],[0,1,1,1,1,1,1,1,0,0],[0,0,0,0,1,1,1,1,0,0],[0,0,0,0,1,1,1,1,0,0],[0,1,1,1,1,1,1,1,0,0],[0,1,1,1,1,1,1,1,0,0],[0,1,1,1,1,1,1,1,0,0],[0,0,0,0,0,0,0,0,0,0]]},{"levelIndex":10,"steps":20,"gridName":"凸","complete":false,"starCount":-1,"score":0,"star3score":10000,"goal":{"type":1,"value":[{"cellType":1,"counter":30},{"cellType":4,"counter":40}]},"types":[1,2,3,4,5],"grid":[[0,0,0,0,0,0,0,0,0,0],[0,0,0,0,1,1,1,1,0,0],[0,0,0,0,1,1,1,1,0,0],[0,1,1,1,1,1,1,1,0,0],[0,1,1,1,1,1,1,1,0,0],[0,1,1,1,1,1,1,1,0,0],[0,1,1,1,1,1,1,1,0,0],[0,0,0,0,1,1,1,1,0,0],[0,0,0,0,1,1,1,1,0,0],[0,0,0,0,0,0,0,0,0,0]]},{"levelIndex":11,"steps":20,"gridName":"田","complete":false,"starCount":-1,"score":0,"star3score":10000,"goal":{"type":1,"value":[{"cellType":1,"counter":30},{"cellType":5,"counter":50}]},"types":[1,2,3,4,5],"grid":[[1,1,1,1,0,0,1,1,1,1],[1,1,1,1,0,0,1,1,1,1],[1,1,1,1,0,0,1,1,1,1],[1,1,1,1,0,0,1,1,1,1],[0,0,0,0,0,0,0,0,0,0],[0,0,0,0,0,0,0,0,0,0],[1,1,1,1,0,0,1,1,1,1],[1,1,1,1,0,0,1,1,1,1],[1,1,1,1,0,0,1,1,1,1],[1,1,1,1,0,0,1,1,1,1]]},{"levelIndex":12,"steps":20,"gridName":"日","complete":false,"starCount":-1,"score":0,"star3score":10000,"goal":{"type":1,"value":[{"cellType":1,"counter":30},{"cellType":2,"counter":40},{"cellType":3,"counter":50}]},"types":[1,2,3,4,5],"grid":[[0,0,0,0,0,0,0,0,0,0],[0,0,0,0,0,0,0,0,0,0],[0,1,1,1,1,1,1,1,1,1],[0,1,1,1,1,0,1,1,1,1],[0,1,1,1,1,0,1,1,1,1],[0,1,1,1,1,0,1,1,1,1],[0,1,1,1,1,0,1,1,1,1],[0,1,1,1,1,1,1,1,1,1],[0,0,0,0,0,0,0,0,0,0],[0,0,0,0,0,0,0,0,0,0]]},{"levelIndex":13,"steps":20,"gridName":"回","complete":false,"starCount":-1,"score":0,"star3score":10000,"goal":{"type":1,"value":[{"cellType":2,"counter":40},{"cellType":3,"counter":50}]},"types":[1,2,3,4,5],"grid":[[1,1,1,1,1,1,1,1,1,1],[1,1,1,1,1,1,1,1,1,1],[1,1,1,1,1,1,1,1,1,1],[1,1,1,0,0,0,0,1,1,1],[1,1,1,0,0,0,0,1,1,1],[1,1,1,0,0,0,0,1,1,1],[1,1,1,0,0,0,0,1,1,1],[1,1,1,1,1,1,1,1,1,1],[1,1,1,1,1,1,1,1,1,1],[1,1,1,1,1,1,1,1,1,1]]},{"levelIndex":14,"steps":20,"gridName":"田","complete":false,"starCount":-1,"score":0,"star3score":10000,"goal":{"type":1,"value":[{"cellType":2,"counter":40},{"cellType":3,"counter":50}]},"types":[1,2,3,4,5],"grid":[[1,1,1,1,0,0,1,1,1,1],[1,1,1,1,0,0,1,1,1,1],[1,1,1,1,0,0,1,1,1,1],[1,1,1,1,0,0,1,1,1,1],[0,0,0,0,0,0,0,0,0,0],[0,0,0,0,0,0,0,0,0,0],[1,1,1,1,0,0,1,1,1,1],[1,1,1,1,0,0,1,1,1,1],[1,1,1,1,0,0,1,1,1,1],[1,1,1,1,0,0,1,1,1,1]]},{"levelIndex":15,"steps":20,"gridName":"日","complete":false,"starCount":-1,"score":0,"star3score":10000,"goal":{"type":1,"value":[{"cellType":1,"counter":30},{"cellType":3,"counter":50}]},"types":[1,2,3,4,5],"grid":[[0,0,0,0,0,0,0,0,0,0],[0,0,0,0,0,0,0,0,0,0],[0,1,1,1,1,1,1,1,1,1],[0,1,1,1,1,0,1,1,1,1],[0,1,1,1,1,0,1,1,1,1],[0,1,1,1,1,0,1,1,1,1],[0,1,1,1,1,0,1,1,1,1],[0,1,1,1,1,1,1,1,1,1],[0,0,0,0,0,0,0,0,0,0],[0,0,0,0,0,0,0,0,0,0]]},{"levelIndex":16,"steps":20,"gridName":"回","complete":false,"starCount":-1,"score":0,"star3score":10000,"goal":{"type":1,"value":[{"cellType":1,"counter":30},{"cellType":5,"counter":40}]},"types":[1,2,3,4,5],"grid":[[1,1,1,1,1,1,1,1,1,1],[1,1,1,1,1,1,1,1,1,1],[1,1,1,1,1,1,1,1,1,1],[1,1,1,0,0,0,0,1,1,1],[1,1,1,0,0,0,0,1,1,1],[1,1,1,0,0,0,0,1,1,1],[1,1,1,0,0,0,0,1,1,1],[1,1,1,1,1,1,1,1,1,1],[1,1,1,1,1,1,1,1,1,1],[1,1,1,1,1,1,1,1,1,1]]},{"levelIndex":17,"steps":20,"gridName":"田","complete":false,"starCount":-1,"score":0,"star3score":10000,"goal":{"type":1,"value":[{"cellType":5,"counter":100}]},"types":[1,2,3,4,5],"grid":[[1,1,1,1,0,0,1,1,1,1],[1,1,1,1,0,0,1,1,1,1],[1,1,1,1,0,0,1,1,1,1],[1,1,1,1,0,0,1,1,1,1],[0,0,0,0,0,0,0,0,0,0],[0,0,0,0,0,0,0,0,0,0],[1,1,1,1,0,0,1,1,1,1],[1,1,1,1,0,0,1,1,1,1],[1,1,1,1,0,0,1,1,1,1],[1,1,1,1,0,0,1,1,1,1]]},{"levelIndex":18,"steps":20,"gridName":"凸","complete":false,"starCount":-1,"score":0,"star3score":10000,"goal":{"type":1,"value":[{"cellType":2,"counter":40},{"cellType":3,"counter":50}]},"types":[1,2,3,4,5],"grid":[[0,0,0,0,0,0,0,0,0,0],[0,0,0,0,1,1,1,1,0,0],[0,0,0,0,1,1,1,1,0,0],[0,1,1,1,1,1,1,1,0,0],[0,1,1,1,1,1,1,1,0,0],[0,1,1,1,1,1,1,1,0,0],[0,1,1,1,1,1,1,1,0,0],[0,0,0,0,1,1,1,1,0,0],[0,0,0,0,1,1,1,1,0,0],[0,0,0,0,0,0,0,0,0,0]]},{"levelIndex":19,"steps":20,"gridName":"凹","complete":false,"starCount":-1,"score":0,"star3score":10000,"goal":{"type":1,"value":[{"cellType":1,"counter":30},{"cellType":2,"counter":20},{"cellType":3,"counter":20}]},"types":[1,2,3,4,5],"grid":[[0,0,0,0,0,0,0,0,0,0],[0,1,1,1,1,1,1,1,0,0],[0,1,1,1,1,1,1,1,0,0],[0,1,1,1,1,1,1,1,0,0],[0,0,0,0,1,1,1,1,0,0],[0,0,0,0,1,1,1,1,0,0],[0,1,1,1,1,1,1,1,0,0],[0,1,1,1,1,1,1,1,0,0],[0,1,1,1,1,1,1,1,0,0],[0,0,0,0,0,0,0,0,0,0]]},{"levelIndex":20,"steps":20,"gridName":"开心","complete":false,"starCount":-1,"score":0,"star3score":10000,"goal":{"type":1,"value":[{"cellType":1,"counter":30},{"cellType":2,"counter":20},{"cellType":3,"counter":20}]},"types":[1,2,3,4,5],"grid":[[0,0,0,0,0,0,0,0,0,0],[0,1,1,0,0,1,1,0,0,0],[0,1,1,1,1,1,1,1,0,0],[0,1,1,1,1,1,0,1,1,1],[0,1,1,0,1,1,0,0,1,1],[0,1,1,0,1,1,0,0,1,1],[0,1,1,1,1,1,0,1,1,1],[0,1,1,1,1,1,1,1,0,0],[0,1,1,0,0,1,1,0,0,0],[0,0,0,0,0,0,0,0,0,0]]},{"levelIndex":21,"steps":20,"gridName":"B","complete":false,"starCount":-1,"score":0,"star3score":10000,"goal":{"type":1,"value":[{"cellType":1,"counter":10},{"cellType":2,"counter":10},{"cellType":3,"counter":10}]},"types":[1,2,3],"grid":[[0,0,0,0,0,0,0,0,0,0],[0,1,1,1,1,1,1,1,1,1],[0,1,1,1,1,1,1,1,1,1],[0,1,1,1,1,1,1,1,1,1],[0,1,1,1,1,1,1,1,1,1],[0,1,1,1,1,1,1,1,1,1],[0,1,1,1,1,1,1,1,1,1],[0,1,1,1,1,1,1,1,1,1],[0,1,1,1,1,1,1,1,1,1],[0,0,0,0,0,0,0,0,0,0]]}]]],0,0,[],[],[]]
