[1,["17TVHwuhBMvqb5vMy7IMLj@6c48a","73rx9oPPFDIK5YEbs9E5by@6c48a","8fsfhtQttPWYfH5VbVvx0M@6c48a"],["_textureSource"],["cc.SpriteFrame"],0,[[[{"name":"Sword+Aim+Throw-1","rect":{"x":19,"y":8,"width":20,"height":33},"offset":{"x":-5.5,"y":-2.5},"originalSize":{"width":69,"height":44},"rotated":false,"capInsets":[0,0,0,0],"vertices":{"rawPosition":[-10,-16.5,0,10,-16.5,0,-10,16.5,0,10,16.5,0],"indexes":[0,1,2,2,1,3],"uv":[19,36,39,36,19,3,39,3],"nuv":[0.2753623188405797,0.06818181818181818,0.5652173913043478,0.06818181818181818,0.2753623188405797,0.8181818181818182,0.5652173913043478,0.8181818181818182],"minPos":{"x":-10,"y":-16.5,"z":0},"maxPos":{"x":10,"y":16.5,"z":0}},"packable":true,"pixelsToUnit":100,"pivot":{"x":0.5,"y":0.5},"meshType":0}],[0],0,[0],[0],[0]],[[{"name":"Sword+Aim+Throw-2","rect":{"x":19,"y":8,"width":20,"height":32},"offset":{"x":-5.5,"y":-2},"originalSize":{"width":69,"height":44},"rotated":false,"capInsets":[0,0,0,0],"vertices":{"rawPosition":[-10,-16,0,10,-16,0,-10,16,0,10,16,0],"indexes":[0,1,2,2,1,3],"uv":[19,36,39,36,19,4,39,4],"nuv":[0.2753623188405797,0.09090909090909091,0.5652173913043478,0.09090909090909091,0.2753623188405797,0.8181818181818182,0.5652173913043478,0.8181818181818182],"minPos":{"x":-10,"y":-16,"z":0},"maxPos":{"x":10,"y":16,"z":0}},"packable":true,"pixelsToUnit":100,"pivot":{"x":0.5,"y":0.5},"meshType":0}],[0],0,[0],[0],[1]],[[{"name":"Sword+Aim+Throw-0","rect":{"x":19,"y":8,"width":20,"height":33},"offset":{"x":-5.5,"y":-2.5},"originalSize":{"width":69,"height":44},"rotated":false,"capInsets":[0,0,0,0],"vertices":{"rawPosition":[-10,-16.5,0,10,-16.5,0,-10,16.5,0,10,16.5,0],"indexes":[0,1,2,2,1,3],"uv":[19,36,39,36,19,3,39,3],"nuv":[0.2753623188405797,0.06818181818181818,0.5652173913043478,0.06818181818181818,0.2753623188405797,0.8181818181818182,0.5652173913043478,0.8181818181818182],"minPos":{"x":-10,"y":-16.5,"z":0},"maxPos":{"x":10,"y":16.5,"z":0}},"packable":true,"pixelsToUnit":100,"pivot":{"x":0.5,"y":0.5},"meshType":0}],[0],0,[0],[0],[2]]]]
