[1,["bcUB3J5ZtPmKcIg0ozKqwi","7dj5uJT9FMn6OrOOx83tfK@f9941","7dj5uJT9FMn6OrOOx83tfK@6c48a"],["node","_cameraComponent","scene","_parent","_spriteFrame","_defaultClip","_textureSource"],[["cc.Node",["_name","_layer","_id","_components","_lpos","_children","_parent"],0,9,5,2,1],["cc.UITransform",["node","_contentSize"],3,1,5],"cc.SpriteFrame",["cc.SceneAsset",["_name"],2],["cc.Node",["_name","_parent","_components","_lpos"],2,1,2,5],["cc.Canvas",["node","_cameraComponent"],3,1,1],["cc.Widget",["_alignFlags","_top","_bottom","node"],0,1],["cc.Sprite",["_sizeMode","node","_spriteFrame"],2,1,6],["cc.Animation",["playOnLoad","node","_clips","_defaultClip"],2,1,3,6],["cc.Scene",["_name","_children","_globals"],2,2,4],["cc.SceneGlobals",["ambient","shadows","_skybox","fog","octree","skin","lightProbeInfo","postSettings"],3,4,4,4,4,4,4,4,4],["cc.AmbientInfo",["_skyColorHDR","_groundAlbedoHDR"],3,5,5],["cc.ShadowsInfo",["_shadowColor","_size"],3,5,5],["cc.SkyboxInfo",[],3],["cc.FogInfo",[],3],["cc.OctreeInfo",[],3],["cc.SkinInfo",["_enabled"],2],["cc.LightProbeInfo",[],3],["cc.PostSettingsInfo",[],3],["cc.Camera",["_projection","_orthoHeight","_near","_visibility","node","_color"],-1,1,5]],[[3,0,2],[0,0,1,2,5,3,4,4],[0,0,1,6,3,4,3],[4,0,1,2,3,2],[1,0,1,1],[1,0,1],[5,0,1,1],[6,0,1,2,3,4],[7,0,1,2,2],[8,0,1,2,3,2],[9,0,1,2,2],[10,0,1,2,3,4,5,6,7,1],[11,0,1,1],[12,0,1,1],[13,1],[14,1],[15,1],[16,0,2],[17,1],[18,1],[19,0,1,2,3,4,5,5]],[[[[0,"Test"],[1,"Canvas",33554432,"beI88Z2HpFELqR4T5EMHpg",[-5,-6],[[4,-1,[5,1280,720]],[6,-3,-2],[7,45,5.684341886080802e-14,5.684341886080802e-14,-4]],[1,640,360.00000000000006,0]],[2,"SpriteSplash",33554432,1,[[5,-7],[8,0,-8,0],[9,true,-9,[1],2]],[1,-474.63,-88.124,0]],[10,"Test",[1],[11,[12,[2,0,0,0,0.520833125],[2,0,0,0,0]],[13,[4,4283190348],[0,512,512]],[14],[15],[16],[17,false],[18],[19]]],[3,"Camera",1,[-10],[1,0,0,1000]],[20,0,360,0,1108344832,4,[4,4278190080]]],0,[0,0,1,0,1,5,0,0,1,0,0,1,0,-1,4,0,-2,2,0,0,2,0,0,2,0,0,2,0,-1,5,0,2,3,1,3,3,10],[0,0,0],[4,-1,5],[1,0,0]],[[{"name":"default_sprite_splash","rect":{"x":0,"y":0,"width":2,"height":2},"offset":{"x":0,"y":0},"originalSize":{"width":2,"height":2},"rotated":false,"capInsets":[0,0,0,0],"vertices":{"rawPosition":[-1,-1,0,1,-1,0,-1,1,0,1,1,0],"indexes":[0,1,2,2,1,3],"uv":[0,2,2,2,0,0,2,0],"nuv":[0,0,1,0,0,1,1,1],"minPos":{"x":-1,"y":-1,"z":0},"maxPos":{"x":1,"y":1,"z":0}},"packable":true,"pixelsToUnit":100,"pivot":{"x":0.5,"y":0.5},"meshType":0}],[2],0,[0],[6],[2]]]]
