[1,["faLcm52htD8pwUvEYS0PFy","09zXELyhVD5p4ibrMS1SR2@6c48a","23RoEBFZhEf4ecQmGUBaxN@6c48a","27x9wkSudJG4HiB67qZnHu@6c48a","2f7GfZWQtMJIt4fsHAHNxm@6c48a","45u1j4wNhB+5t1bAR24VVi@6c48a","63e5EMa9VIx5Ww+VHaGq3g@6c48a","78JTbLxLNCwYmdfSr2RDls@6c48a","800rtYpfdErLWHhJEEOW9e@6c48a","ecO9+SmZdNPrQ1oaLFLIbp@f9941","a7uVf5HbxIpq4y0eWDOffa","75ZTAr1zNDoLaJMlomiayJ","45u1j4wNhB+5t1bAR24VVi@f9941","65ZIdFnL5Pkaub8J47RBuK","c9T5/hODVF3qmTevr1s4Th@f9941","63e5EMa9VIx5Ww+VHaGq3g@f9941","23RoEBFZhEf4ecQmGUBaxN@f9941","2f7GfZWQtMJIt4fsHAHNxm@f9941","78JTbLxLNCwYmdfSr2RDls@f9941","a8Spdog5FENq8KSNYh8Kvl@f9941","09zXELyhVD5p4ibrMS1SR2@f9941","b31wOVkQhJ/qX+uFWL8oO/@f9941","800rtYpfdErLWHhJEEOW9e@f9941","27x9wkSudJG4HiB67qZnHu@f9941","a8Spdog5FENq8KSNYh8Kvl@6c48a","b31wOVkQhJ/qX+uFWL8oO/@6c48a","c9T5/hODVF3qmTevr1s4Th@6c48a","ecO9+SmZdNPrQ1oaLFLIbp@6c48a"],["node","_textureSource","_spriteFrame","_cameraComponent","levelGrid","scene","_parent","cellPrefab","gridBgPrefab","root","data","explosionPrefab","_defaultClip"],["cc.SpriteFrame",["cc.Node",["_name","_layer","_id","_active","_components","_children","_lpos","_parent","_prefab"],-1,9,2,5,1,4],["cc.UITransform",["node","_contentSize","__prefab"],3,1,5,4],["cc.Sprite",["_sizeMode","node","_spriteFrame","__prefab"],2,1,6,4],["cc.Label",["_actualFontSize","_overflow","_string","_fontSize","_lineHeight","node","__prefab"],-2,1,4],["cc.SceneAsset",["_name"],2],["cc.Node",["_name","_parent","_components","_lpos"],2,1,2,5],["cc.Canvas",["node","_cameraComponent"],3,1,1],["cc.Widget",["_alignFlags","_top","_bottom","node"],0,1],["56398jTO+BDiLscvqFslFrC",["node","levelGrid"],3,1,1],["cc.Layout",["node"],3,1],["88f1b/DkKlAzYx0y9VmFi0o",["node","cellPrefab","gridBgPrefab"],3,1,6,6],["cc.Scene",["_name","_children","_prefab","_globals"],2,2,4,4],["cc.PrefabInfo",["root","asset","fileId","instance","targetOverrides","nestedPrefabInstanceRoots"],-3],["cc.PrefabInfo",["fileId","instance","targetOverrides","nestedPrefabInstanceRoots","root","asset"],-1,1,1],["cc.SceneGlobals",["ambient","shadows","_skybox","fog","octree","skin","lightProbeInfo","postSettings"],3,4,4,4,4,4,4,4,4],["cc.AmbientInfo",["_skyColorHDR","_groundAlbedoHDR"],3,5,5],["cc.ShadowsInfo",["_shadowColor","_size"],3,5,5],["cc.SkyboxInfo",[],3],["cc.FogInfo",[],3],["cc.OctreeInfo",[],3],["cc.SkinInfo",["_enabled"],2],["cc.LightProbeInfo",[],3],["cc.PostSettingsInfo",[],3],["cc.Camera",["_projection","_priority","_orthoHeight","_near","_far","_visibility","node","_color"],-3,1,5],["cc.Prefab",["_name"],2],["cc.CompPrefabInfo",["fileId"],2],["8b1d3hvIg1ECoGUJ47kqMOc",["node","__prefab","spriteFrameList","toolSpriteFrameList","explosionPrefab"],3,1,4,3,3,6],["cc.Animation",["node","__prefab","_clips","_defaultClip"],3,1,4,3,6]],[[26,0,2],[2,0,1,1],[14,0,1,2,3,4,5,5],[1,0,1,7,4,6,3],[1,0,3,1,7,4,8,4],[2,0,2,1],[5,0,2],[1,0,1,2,5,4,6,4],[1,0,1,5,4,8,3],[6,0,1,2,3,2],[2,0,2,1,1],[7,0,1,1],[8,0,1,2,3,4],[9,0,1,1],[10,0,1],[3,0,1,2,2],[3,1,3,1],[3,0,1,3,2,2],[11,0,1,2,1],[4,0,1,5,3],[4,2,0,3,4,5,6,5],[12,0,1,2,3,2],[13,0,1,2,3,4,5,7],[15,0,1,2,3,4,5,6,7,1],[16,0,1,1],[17,0,1,1],[18,1],[19,1],[20,1],[21,0,2],[22,1],[23,1],[24,0,1,2,3,4,5,6,7,7],[25,0,2],[27,0,1,2,3,4,1],[28,0,1,2,3,1]],[[[{"name":"boom","rect":{"x":0,"y":3,"width":50,"height":52},"offset":{"x":-1.5,"y":-1.5},"originalSize":{"width":53,"height":55},"rotated":false,"capInsets":[0,0,0,0],"vertices":{"rawPosition":[-25,-26,0,25,-26,0,-25,26,0,25,26,0],"indexes":[0,1,2,2,1,3],"uv":[0,52,50,52,0,0,50,0],"nuv":[0,0,0.9433962264150944,0,0,0.9454545454545454,0.9433962264150944,0.9454545454545454],"minPos":{"x":-25,"y":-26,"z":0},"maxPos":{"x":25,"y":26,"z":0}},"packable":true,"pixelsToUnit":100,"pivot":{"x":0.5,"y":0.5},"meshType":0}],[0],0,[0],[1],[1]],[[{"name":"type3","rect":{"x":0,"y":0,"width":59,"height":62},"offset":{"x":0,"y":0},"originalSize":{"width":59,"height":62},"rotated":false,"capInsets":[0,0,0,0],"vertices":{"rawPosition":[-29.5,-31,0,29.5,-31,0,-29.5,31,0,29.5,31,0],"indexes":[0,1,2,2,1,3],"uv":[0,62,59,62,0,0,59,0],"nuv":[0,0,1,0,0,1,1,1],"minPos":{"x":-29.5,"y":-31,"z":0},"maxPos":{"x":29.5,"y":31,"z":0}},"packable":true,"pixelsToUnit":100,"pivot":{"x":0.5,"y":0.5},"meshType":0}],[0],0,[0],[1],[2]],[[{"name":"rocket_col","rect":{"x":0,"y":0,"width":34,"height":49},"offset":{"x":0,"y":0},"originalSize":{"width":34,"height":49},"rotated":false,"capInsets":[0,0,0,0],"vertices":{"rawPosition":[-17,-24.5,0,17,-24.5,0,-17,24.5,0,17,24.5,0],"indexes":[0,1,2,2,1,3],"uv":[0,49,34,49,0,0,34,0],"nuv":[0,0,1,0,0,1,1,1],"minPos":{"x":-17,"y":-24.5,"z":0},"maxPos":{"x":17,"y":24.5,"z":0}},"packable":true,"pixelsToUnit":100,"pivot":{"x":0.5,"y":0.5},"meshType":0}],[0],0,[0],[1],[3]],[[{"name":"type4","rect":{"x":0,"y":0,"width":59,"height":62},"offset":{"x":0,"y":0},"originalSize":{"width":59,"height":62},"rotated":false,"capInsets":[0,0,0,0],"vertices":{"rawPosition":[-29.5,-31,0,29.5,-31,0,-29.5,31,0,29.5,31,0],"indexes":[0,1,2,2,1,3],"uv":[0,62,59,62,0,0,59,0],"nuv":[0,0,1,0,0,1,1,1],"minPos":{"x":-29.5,"y":-31,"z":0},"maxPos":{"x":29.5,"y":31,"z":0}},"packable":true,"pixelsToUnit":100,"pivot":{"x":0.5,"y":0.5},"meshType":0}],[0],0,[0],[1],[4]],[[{"name":"icons8-square-border-30","rect":{"x":3,"y":4,"width":22,"height":22},"offset":{"x":-1,"y":0},"originalSize":{"width":30,"height":30},"rotated":false,"capInsets":[0,0,0,0],"vertices":{"rawPosition":[-11,-11,0,11,-11,0,-11,11,0,11,11,0],"indexes":[0,1,2,2,1,3],"uv":[3,26,25,26,3,4,25,4],"nuv":[0.1,0.13333333333333333,0.8333333333333334,0.13333333333333333,0.1,0.8666666666666667,0.8333333333333334,0.8666666666666667],"minPos":{"x":-11,"y":-11,"z":0},"maxPos":{"x":11,"y":11,"z":0}},"packable":true,"pixelsToUnit":100,"pivot":{"x":0.5,"y":0.5},"meshType":0}],[0],0,[0],[1],[5]],[[{"name":"type2","rect":{"x":0,"y":0,"width":59,"height":62},"offset":{"x":0,"y":0},"originalSize":{"width":59,"height":62},"rotated":false,"capInsets":[0,0,0,0],"vertices":{"rawPosition":[-29.5,-31,0,29.5,-31,0,-29.5,31,0,29.5,31,0],"indexes":[0,1,2,2,1,3],"uv":[0,62,59,62,0,0,59,0],"nuv":[0,0,1,0,0,1,1,1],"minPos":{"x":-29.5,"y":-31,"z":0},"maxPos":{"x":29.5,"y":31,"z":0}},"packable":true,"pixelsToUnit":100,"pivot":{"x":0.5,"y":0.5},"meshType":0}],[0],0,[0],[1],[6]],[[{"name":"type5","rect":{"x":0,"y":0,"width":59,"height":62},"offset":{"x":0,"y":0},"originalSize":{"width":59,"height":62},"rotated":false,"capInsets":[0,0,0,0],"vertices":{"rawPosition":[-29.5,-31,0,29.5,-31,0,-29.5,31,0,29.5,31,0],"indexes":[0,1,2,2,1,3],"uv":[0,62,59,62,0,0,59,0],"nuv":[0,0,1,0,0,1,1,1],"minPos":{"x":-29.5,"y":-31,"z":0},"maxPos":{"x":29.5,"y":31,"z":0}},"packable":true,"pixelsToUnit":100,"pivot":{"x":0.5,"y":0.5},"meshType":0}],[0],0,[0],[1],[7]],[[{"name":"rocket","rect":{"x":0,"y":0,"width":49,"height":34},"offset":{"x":0,"y":0},"originalSize":{"width":49,"height":34},"rotated":false,"capInsets":[0,0,0,0],"vertices":{"rawPosition":[-24.5,-17,0,24.5,-17,0,-24.5,17,0,24.5,17,0],"indexes":[0,1,2,2,1,3],"uv":[0,34,49,34,0,0,49,0],"nuv":[0,0,1,0,0,1,1,1],"minPos":{"x":-24.5,"y":-17,"z":0},"maxPos":{"x":24.5,"y":17,"z":0}},"packable":true,"pixelsToUnit":100,"pivot":{"x":0.5,"y":0.5},"meshType":0}],[0],0,[0],[1],[8]],[[[6,"Game"],[7,"Canvas",33554432,"beI88Z2HpFELqR4T5EMHpg",[-7,-8,-9],[[1,-1,[5,640,1136]],[11,-3,-2],[12,45,5.684341886080802e-14,5.684341886080802e-14,-4],[13,-6,-5]],[1,320,568,0]],[3,"LevelGridLayout",33554432,1,[[1,-10,[5,600,600]],[14,-11],[15,0,-12,0],[18,-13,1,2]],[1,0,-10,0]],[3,"Label",33554432,1,[[1,-14,[5,500,60]],[19,40,1,-15]],[1,0,491.398,0]],[21,"Game",[1],[22,null,null,"a2294cbf-ae68-4be0-a2de-aea6db34cc5e",null,null,null],[23,[24,[2,0,0,0,0.520833125],[2,0,0,0,0]],[25,[4,4283190348],[0,512,512]],[26],[27],[28],[29,false],[30],[31]]],[9,"Camera",1,[-16],[1,0,0,1000]],[32,0,65535,568,0,2000,1115684864,5,[4,4278190080]]],0,[0,0,1,0,3,6,0,0,1,0,0,1,0,4,2,0,0,1,0,-1,5,0,-2,2,0,-3,3,0,0,2,0,0,2,0,0,2,0,0,2,0,0,3,0,0,3,0,-1,6,0,5,4,1,6,4,16],[0,0,0],[2,7,8],[9,10,11]],[[[33,"Cell"],[8,"Cell",33554432,[-6,-7],[[5,-2,[0,"d51cgo94RBw6U1bjB8ncII"]],[16,-3,[0,"a4+Xc4KF9LPao/uf4Rdm5w"]],[34,-4,[0,"77n2+gYOpPVqMw9e0LFsKO"],[2,3,4,5,6,7],[8,9,10,11],1],[35,-5,[0,"7cVyzHbkBLObvWzVmFBhIP"],[12],13]],[2,"c46/YsCPVOJYA4mWEpNYRx",null,null,null,-1,0]],[4,"SelectedSprite",false,33554432,1,[[5,-8,[0,"f2gECm64pOGI+YUh5ktQrP"]],[17,0,-9,[0,"efboWZIh5HWrUVmAL2yjeI"],0]],[2,"725TU7vjJB2r8S1aYoWC6o",null,null,null,1,0]],[4,"Label",false,33554432,1,[[10,-10,[0,"b6dr2XI+xGKYkE/7EDVLng"],[5,0,50.400000000000006]],[20,"1",31.295774647887328,30,30,-11,[0,"b6u+MUd6VAy5pL/q5iDzi7"]]],[2,"6crKyR9LhLxpwEOVjWkoIm",null,null,null,1,0]]],0,[0,9,1,0,0,1,0,0,1,0,0,1,0,0,1,0,-1,2,0,-2,3,0,0,2,0,0,2,0,0,3,0,0,3,0,10,1,11],[0,0,0,0,0,0,0,0,0,0,0,0,0,0],[2,11,-1,-2,-3,-4,-5,-6,-1,-2,-3,-4,-1,12],[12,13,14,15,16,17,18,19,20,21,22,23,0,0]],[[{"name":"type6","rect":{"x":0,"y":0,"width":59,"height":62},"offset":{"x":0,"y":0},"originalSize":{"width":59,"height":62},"rotated":false,"capInsets":[0,0,0,0],"vertices":{"rawPosition":[-29.5,-31,0,29.5,-31,0,-29.5,31,0,29.5,31,0],"indexes":[0,1,2,2,1,3],"uv":[0,62,59,62,0,0,59,0],"nuv":[0,0,1,0,0,1,1,1],"minPos":{"x":-29.5,"y":-31,"z":0},"maxPos":{"x":29.5,"y":31,"z":0}},"packable":true,"pixelsToUnit":100,"pivot":{"x":0.5,"y":0.5},"meshType":0}],[0],0,[0],[1],[24]],[[{"name":"boom_rand","rect":{"x":0,"y":3,"width":50,"height":52},"offset":{"x":-1.5,"y":-1.5},"originalSize":{"width":53,"height":55},"rotated":false,"capInsets":[0,0,0,0],"vertices":{"rawPosition":[-25,-26,0,25,-26,0,-25,26,0,25,26,0],"indexes":[0,1,2,2,1,3],"uv":[0,52,50,52,0,0,50,0],"nuv":[0,0,0.9433962264150944,0,0,0.9454545454545454,0.9433962264150944,0.9454545454545454],"minPos":{"x":-25,"y":-26,"z":0},"maxPos":{"x":25,"y":26,"z":0}},"packable":true,"pixelsToUnit":100,"pivot":{"x":0.5,"y":0.5},"meshType":0}],[0],0,[0],[1],[25]],[[{"name":"type1","rect":{"x":0,"y":0,"width":59,"height":62},"offset":{"x":0,"y":0},"originalSize":{"width":59,"height":62},"rotated":false,"capInsets":[0,0,0,0],"vertices":{"rawPosition":[-29.5,-31,0,29.5,-31,0,-29.5,31,0,29.5,31,0],"indexes":[0,1,2,2,1,3],"uv":[0,62,59,62,0,0,59,0],"nuv":[0,0,1,0,0,1,1,1],"minPos":{"x":-29.5,"y":-31,"z":0},"maxPos":{"x":29.5,"y":31,"z":0}},"packable":true,"pixelsToUnit":100,"pivot":{"x":0.5,"y":0.5},"meshType":0}],[0],0,[0],[1],[26]],[[{"name":"block_bg","rect":{"x":0,"y":0,"width":544,"height":377},"offset":{"x":0,"y":0},"originalSize":{"width":544,"height":377},"rotated":false,"capInsets":[0,0,0,0],"vertices":{"rawPosition":[-272,-188.5,0,272,-188.5,0,-272,188.5,0,272,188.5,0],"indexes":[0,1,2,2,1,3],"uv":[0,377,544,377,0,0,544,0],"nuv":[0,0,1,0,0,1,1,1],"minPos":{"x":-272,"y":-188.5,"z":0},"maxPos":{"x":272,"y":188.5,"z":0}},"packable":true,"pixelsToUnit":100,"pivot":{"x":0.5,"y":0.5},"meshType":0}],[0],0,[0],[1],[27]]]]
