[1,["adib4zOkhMg7uAcGlg8jGC@f9941","1epd45JgJPwLjExa0w3LHm@6c48a","1epd45JgJPwLjExa0w3LHm@f9941","adib4zOkhMg7uAcGlg8jGC@6c48a"],["node","_textureSource","root","data","_spriteFrame","normalSF","wallSF"],["cc.SpriteFrame",["cc.Prefab",["_name"],2],["cc.Node",["_name","_components","_prefab"],2,9,4],["cc.UITransform",["node","__prefab","_contentSize"],3,1,4,5],["cc.CompPrefabInfo",["fileId"],2],["cc.Sprite",["node","__prefab","_spriteFrame"],3,1,4,6],["4b18bx7KMxOa411iYXpVV4G",["arrowLeftSF","node","__prefab","normalSF","wallSF"],2,1,4,6,6],["cc.PrefabInfo",["fileId","instance","targetOverrides","nestedPrefabInstanceRoots","root","asset"],-1,1,1]],[[4,0,2],[1,0,2],[2,0,1,2,2],[3,0,1,2,1],[5,0,1,2,1],[6,0,1,2,3,4,2],[7,0,1,2,3,4,5,5]],[[[{"name":"cell_bg_8","rect":{"x":0,"y":0,"width":135,"height":139},"offset":{"x":0,"y":0},"originalSize":{"width":135,"height":139},"rotated":false,"capInsets":[0,0,0,0],"vertices":{"rawPosition":[-67.5,-69.5,0,67.5,-69.5,0,-67.5,69.5,0,67.5,69.5,0],"indexes":[0,1,2,2,1,3],"uv":[0,139,135,139,0,0,135,0],"nuv":[0,0,1,0,0,1,1,1],"minPos":{"x":-67.5,"y":-69.5,"z":0},"maxPos":{"x":67.5,"y":69.5,"z":0}},"packable":true,"pixelsToUnit":100,"pivot":{"x":0.5,"y":0.5},"meshType":0}],[0],0,[0],[1],[1]],[[[1,"GridItemBG"],[2,"GridItemBG",[[3,-2,[0,"85QOy6IV1DF4mdei9u287W"],[5,155,155]],[4,-3,[0,"b1Hj37IqtLGaXtBadPgfDZ"],0],[5,null,-4,[0,"1b0a4UbeVGqJf3wiz7pGRF"],1,2]],[6,"c46/YsCPVOJYA4mWEpNYRx",null,null,null,-1,0]]],0,[0,2,1,0,0,1,0,0,1,0,0,1,0,3,1,4],[0,0,0],[4,5,6],[0,0,2]],[[{"name":"cell_bg_7","rect":{"x":0,"y":0,"width":155,"height":155},"offset":{"x":0,"y":0},"originalSize":{"width":155,"height":155},"rotated":false,"capInsets":[0,0,0,0],"vertices":{"rawPosition":[-77.5,-77.5,0,77.5,-77.5,0,-77.5,77.5,0,77.5,77.5,0],"indexes":[0,1,2,2,1,3],"uv":[0,155,155,155,0,0,155,0],"nuv":[0,0,1,0,0,1,1,1],"minPos":{"x":-77.5,"y":-77.5,"z":0},"maxPos":{"x":77.5,"y":77.5,"z":0}},"packable":true,"pixelsToUnit":100,"pivot":{"x":0.5,"y":0.5},"meshType":0}],[0],0,[0],[1],[3]]]]
