[1,["2bVn/h6TBJrZnaID6gkRFh@6c48a","41l81cdx5DKZFPeEQb7aur@6c48a","52XHfYOZFLFoOOBPDjhK34@6c48a","69ybLk56BM3psdqSJY45F3@6c48a","71W2x0DyBEkaHJXKZnexTv@6c48a","72gcEALddDR66E7aaL6FQP@6c48a","84XoVU2mRIcqtdJOxpcdkP@6c48a","89QXg56Z9OloRzftF+uABr@6c48a","b2BHwOEv9AErAWCMfPBISJ@6c48a","e6a89wlDtEvpR+CCwqV4SC@6c48a"],["_textureSource"],["cc.SpriteFrame"],0,[[[{"name":"anim7000","rect":{"x":35,"y":32,"width":32,"height":35},"offset":{"x":1,"y":0.5},"originalSize":{"width":100,"height":100},"rotated":false,"capInsets":[0,0,0,0],"vertices":{"rawPosition":[-16,-17.5,0,16,-17.5,0,-16,17.5,0,16,17.5,0],"indexes":[0,1,2,2,1,3],"uv":[35,68,67,68,35,33,67,33],"nuv":[0.35,0.33,0.67,0.33,0.35,0.68,0.67,0.68],"minPos":{"x":-16,"y":-17.5,"z":0},"maxPos":{"x":16,"y":17.5,"z":0}},"packable":true,"pixelsToUnit":100,"pivot":{"x":0.5,"y":0.5},"meshType":0}],[0],0,[0],[0],[0]],[[{"name":"anim00","rect":{"x":35,"y":31,"width":32,"height":36},"offset":{"x":1,"y":1},"originalSize":{"width":100,"height":100},"rotated":false,"capInsets":[0,0,0,0],"vertices":{"rawPosition":[-16,-18,0,16,-18,0,-16,18,0,16,18,0],"indexes":[0,1,2,2,1,3],"uv":[35,69,67,69,35,33,67,33],"nuv":[0.35,0.33,0.67,0.33,0.35,0.69,0.67,0.69],"minPos":{"x":-16,"y":-18,"z":0},"maxPos":{"x":16,"y":18,"z":0}},"packable":true,"pixelsToUnit":100,"pivot":{"x":0.5,"y":0.5},"meshType":0}],[0],0,[0],[0],[1]],[[{"name":"anim2000","rect":{"x":35,"y":32,"width":32,"height":35},"offset":{"x":1,"y":0.5},"originalSize":{"width":100,"height":100},"rotated":false,"capInsets":[0,0,0,0],"vertices":{"rawPosition":[-16,-17.5,0,16,-17.5,0,-16,17.5,0,16,17.5,0],"indexes":[0,1,2,2,1,3],"uv":[35,68,67,68,35,33,67,33],"nuv":[0.35,0.33,0.67,0.33,0.35,0.68,0.67,0.68],"minPos":{"x":-16,"y":-17.5,"z":0},"maxPos":{"x":16,"y":17.5,"z":0}},"packable":true,"pixelsToUnit":100,"pivot":{"x":0.5,"y":0.5},"meshType":0}],[0],0,[0],[0],[2]],[[{"name":"anim6000","rect":{"x":35,"y":33,"width":32,"height":34},"offset":{"x":1,"y":0},"originalSize":{"width":100,"height":100},"rotated":false,"capInsets":[0,0,0,0],"vertices":{"rawPosition":[-16,-17,0,16,-17,0,-16,17,0,16,17,0],"indexes":[0,1,2,2,1,3],"uv":[35,67,67,67,35,33,67,33],"nuv":[0.35,0.33,0.67,0.33,0.35,0.67,0.67,0.67],"minPos":{"x":-16,"y":-17,"z":0},"maxPos":{"x":16,"y":17,"z":0}},"packable":true,"pixelsToUnit":100,"pivot":{"x":0.5,"y":0.5},"meshType":0}],[0],0,[0],[0],[3]],[[{"name":"anim5000","rect":{"x":35,"y":33,"width":32,"height":34},"offset":{"x":1,"y":0},"originalSize":{"width":100,"height":100},"rotated":false,"capInsets":[0,0,0,0],"vertices":{"rawPosition":[-16,-17,0,16,-17,0,-16,17,0,16,17,0],"indexes":[0,1,2,2,1,3],"uv":[35,67,67,67,35,33,67,33],"nuv":[0.35,0.33,0.67,0.33,0.35,0.67,0.67,0.67],"minPos":{"x":-16,"y":-17,"z":0},"maxPos":{"x":16,"y":17,"z":0}},"packable":true,"pixelsToUnit":100,"pivot":{"x":0.5,"y":0.5},"meshType":0}],[0],0,[0],[0],[4]],[[{"name":"anim8000","rect":{"x":35,"y":31,"width":32,"height":36},"offset":{"x":1,"y":1},"originalSize":{"width":100,"height":100},"rotated":false,"capInsets":[0,0,0,0],"vertices":{"rawPosition":[-16,-18,0,16,-18,0,-16,18,0,16,18,0],"indexes":[0,1,2,2,1,3],"uv":[35,69,67,69,35,33,67,33],"nuv":[0.35,0.33,0.67,0.33,0.35,0.69,0.67,0.69],"minPos":{"x":-16,"y":-18,"z":0},"maxPos":{"x":16,"y":18,"z":0}},"packable":true,"pixelsToUnit":100,"pivot":{"x":0.5,"y":0.5},"meshType":0}],[0],0,[0],[0],[5]],[[{"name":"anim4000","rect":{"x":35,"y":33,"width":32,"height":34},"offset":{"x":1,"y":0},"originalSize":{"width":100,"height":100},"rotated":false,"capInsets":[0,0,0,0],"vertices":{"rawPosition":[-16,-17,0,16,-17,0,-16,17,0,16,17,0],"indexes":[0,1,2,2,1,3],"uv":[35,67,67,67,35,33,67,33],"nuv":[0.35,0.33,0.67,0.33,0.35,0.67,0.67,0.67],"minPos":{"x":-16,"y":-17,"z":0},"maxPos":{"x":16,"y":17,"z":0}},"packable":true,"pixelsToUnit":100,"pivot":{"x":0.5,"y":0.5},"meshType":0}],[0],0,[0],[0],[6]],[[{"name":"anim3000","rect":{"x":35,"y":33,"width":32,"height":34},"offset":{"x":1,"y":0},"originalSize":{"width":100,"height":100},"rotated":false,"capInsets":[0,0,0,0],"vertices":{"rawPosition":[-16,-17,0,16,-17,0,-16,17,0,16,17,0],"indexes":[0,1,2,2,1,3],"uv":[35,67,67,67,35,33,67,33],"nuv":[0.35,0.33,0.67,0.33,0.35,0.67,0.67,0.67],"minPos":{"x":-16,"y":-17,"z":0},"maxPos":{"x":16,"y":17,"z":0}},"packable":true,"pixelsToUnit":100,"pivot":{"x":0.5,"y":0.5},"meshType":0}],[0],0,[0],[0],[7]],[[{"name":"anim9000","rect":{"x":35,"y":31,"width":32,"height":36},"offset":{"x":1,"y":1},"originalSize":{"width":100,"height":100},"rotated":false,"capInsets":[0,0,0,0],"vertices":{"rawPosition":[-16,-18,0,16,-18,0,-16,18,0,16,18,0],"indexes":[0,1,2,2,1,3],"uv":[35,69,67,69,35,33,67,33],"nuv":[0.35,0.33,0.67,0.33,0.35,0.69,0.67,0.69],"minPos":{"x":-16,"y":-18,"z":0},"maxPos":{"x":16,"y":18,"z":0}},"packable":true,"pixelsToUnit":100,"pivot":{"x":0.5,"y":0.5},"meshType":0}],[0],0,[0],[0],[8]],[[{"name":"anim1000","rect":{"x":35,"y":31,"width":32,"height":36},"offset":{"x":1,"y":1},"originalSize":{"width":100,"height":100},"rotated":false,"capInsets":[0,0,0,0],"vertices":{"rawPosition":[-16,-18,0,16,-18,0,-16,18,0,16,18,0],"indexes":[0,1,2,2,1,3],"uv":[35,69,67,69,35,33,67,33],"nuv":[0.35,0.33,0.67,0.33,0.35,0.69,0.67,0.69],"minPos":{"x":-16,"y":-18,"z":0},"maxPos":{"x":16,"y":18,"z":0}},"packable":true,"pixelsToUnit":100,"pivot":{"x":0.5,"y":0.5},"meshType":0}],[0],0,[0],[0],[9]]]]
